[Header],,,,,,,,,,,
IEMFileVersion,5,,,,,,,,,,
Experiment Name,Rat blood mRNA libraries,,,,,,,,,,
Date,1/9/2019,,,,,,,,,,
Workflow,LibraryQC,,,,,,,,,,
Application,Library QC,,,,,,,,,,
Instrument Type,MiSeq,,,,,,,,,,
Assay,TruSeq Stranded mRNA,,,,,,,,,,
Index Adapters,IDT-ILMN TruSeq RNA UD Indexes (24 Indexes),,,,,,,,,,
Description,Globin depletion,,,,,,,,,,
Chemistry,Amplicon,,,,,,,,,,
,,,,,,,,,,,
[Reads],,,,,,,,,,,
125,,,,,,,,,,,
125,,,,,,,,,,,
,,,,,,,,,,,
[Settings],,,,,,,,,,,
FlagPCRDuplicates,1,,,,,,,,,,
ReverseComplement,0,,,,,,,,,,
RunBwaAln,0,,,,,,,,,,
,,,,,,,,,,,
[Data],,,,,,,,,,,
Sample_ID,Sample_Name,Sample_Plate,Sample_Well,Index_Plate_Well,I7_Index_ID,index,I5_Index_ID,index2,GenomeFolder,Sample_Project,Description
1,Con_BL_1,,,A05,BP033,AGGTTCCT,,TCGAACCT,Rattus_norvegicus\UCSC\rn4\Sequence\WholeGenomeFasta,globin_dep,
2,Con_BL_2,,,B05,BP034,GAACCTTC,,CAAGGTAC,Rattus_norvegicus\UCSC\rn4\Sequence\WholeGenomeFasta,globin_dep,
3,Con_BL_3,,,C05,BP035,AAGTCCTC,,AGCTACCA,Rattus_norvegicus\UCSC\rn4\Sequence\WholeGenomeFasta,globin_dep,
4,Con_BL_4,,,D05,BP036,CCACAACA,,CATCCAAG,Rattus_norvegicus\UCSC\rn4\Sequence\WholeGenomeFasta,globin_dep,
5,P001_Pre_BL_1,,,E05,BP037,ATAACGCC,,CTCACCAA,Rattus_norvegicus\UCSC\rn4\Sequence\WholeGenomeFasta,globin_dep,
6,P001_Pre_BL_2,,,F05,BP038,CCGGAATA,,TCAGTAGG,Rattus_norvegicus\UCSC\rn4\Sequence\WholeGenomeFasta,globin_dep,
7,P004_4h_BL_1,,,G05,BP039,CCAAGTAG,,GAACGTGA,Rattus_norvegicus\UCSC\rn4\Sequence\WholeGenomeFasta,globin_dep,
8,P004_4h_BL_2,,,H05,BP040,AAGGACCA,,AGGAACAC,Rattus_norvegicus\UCSC\rn4\Sequence\WholeGenomeFasta,globin_dep,
